id,nom,prenom,age,sexe,filiere,moyenne_sem1,moyenne_sem2,absences,connexions_lms,devoirs_rendus,taux_presence,prob_decrochage,prob_diplome,niveau_risque,facteur_principal,abandon
389,Khidir,Sylvie,19,F,mtic,5.9,4.7,17,11,1,44,100.0%,0.0%,ÉLEVÉ 🔴,ratio_absence_connexion,Décrochage
475,Hamid,Nourdine,18,M,mtic,3.4,5.1,16,8,1,42,100.0%,0.0%,ÉLEVÉ 🔴,ratio_absence_connexion,Décrochage
351,Brahim,Amina,20,F,info,2.0,3.3,16,5,2,30,99.5%,0.0%,ÉLEVÉ 🔴,ratio_absence_connexion,Décrochage
404,Bakhit,Abdelsalam,18,M,telecom,4.8,4.2,16,3,3,28,98.6%,0.0%,ÉLEVÉ 🔴,ratio_absence_connexion,Décrochage
165,Kerallah,Faozzia,23,F,telecom,5.7,5.3,20,7,2,35,98.6%,0.0%,ÉLEVÉ 🔴,ratio_absence_connexion,Décrochage
31,Nour,Hassan,22,M,mtic,6.5,5.4,15,8,3,39,97.9%,0.0%,ÉLEVÉ 🔴,ratio_absence_connexion,Décrochage
336,Issa Bechir,Paul,19,M,telecom,7.6,7.3,14,4,2,37,97.8%,0.0%,ÉLEVÉ 🔴,ratio_absence_connexion,Décrochage
182,Mbodou,Fatouma,19,F,telecom,4.1,3.2,15,4,1,21,97.4%,0.0%,ÉLEVÉ 🔴,ratio_absence_connexion,Décrochage
76,Mht Rozzi,Aristide,20,M,info,7.1,6.5,13,11,1,46,96.6%,0.0%,ÉLEVÉ 🔴,ratio_absence_connexion,Décrochage
46,Naimbaye,Nadège,21,F,mtic,6.6,4.9,14,5,2,36,96.5%,0.0%,ÉLEVÉ 🔴,ratio_absence_connexion,Décrochage
180,Nouradine,Abderahim,19,M,mtic,4.0,3.7,19,3,1,32,96.2%,0.0%,ÉLEVÉ 🔴,ratio_absence_connexion,Décrochage
313,Jean,Abdelkerim,18,M,info,3.8,5.7,16,12,1,42,95.9%,0.0%,ÉLEVÉ 🔴,ratio_absence_connexion,Décrochage
113,Issa Bechir,Esther,21,F,mtic,4.5,5.2,11,11,1,30,95.8%,0.0%,ÉLEVÉ 🔴,score_risque,Décrochage
174,Nour,Abakar,23,M,telecom,4.9,4.2,17,2,0,24,95.4%,0.0%,ÉLEVÉ 🔴,ratio_absence_connexion,Décrochage
15,Ndolenodji,Celestin,22,M,mtic,7.0,5.7,10,9,3,33,95.3%,0.0%,ÉLEVÉ 🔴,ratio_absence_connexion,Décrochage
88,Nour,Théophile,18,M,info,6.0,5.9,12,10,3,43,94.9%,0.0%,ÉLEVÉ 🔴,ratio_absence_connexion,Décrochage
215,Ngakoutou,Faozzia,24,F,info,6.4,4.5,19,10,0,35,94.5%,0.0%,ÉLEVÉ 🔴,ratio_absence_connexion,Décrochage
181,Hassan,Sylvestre,21,M,telecom,2.0,6.1,12,7,2,31,94.5%,0.0%,ÉLEVÉ 🔴,ratio_absence_connexion,Décrochage
342,Aboulaye,Celine,22,F,telecom,4.9,4.9,14,13,0,34,93.9%,0.0%,ÉLEVÉ 🔴,score_risque,Décrochage
439,Khalid,Abdelkerim,23,M,info,7.4,6.7,15,5,1,41,93.9%,0.0%,ÉLEVÉ 🔴,ratio_absence_connexion,Décrochage
377,Kessou,Saleh,22,M,info,7.5,7.5,12,5,1,43,93.9%,0.0%,ÉLEVÉ 🔴,ratio_absence_connexion,Décrochage
458,Hillo,Bintou,21,F,info,2.3,5.5,12,5,1,38,93.5%,0.0%,ÉLEVÉ 🔴,ratio_absence_connexion,Décrochage
273,Abderahim,Ahmat,20,M,mtic,7.8,6.8,13,8,0,43,93.3%,0.0%,ÉLEVÉ 🔴,ratio_absence_connexion,Décrochage
201,George,Nour,24,M,info,5.9,4.9,15,9,1,28,93.0%,1.0%,ÉLEVÉ 🔴,ratio_absence_connexion,Décrochage
335,Issa,Sophie,20,F,info,6.3,6.3,13,9,4,41,93.0%,0.0%,ÉLEVÉ 🔴,ratio_absence_connexion,Décrochage
96,Abakar,Marc,19,M,mtic,7.7,8.8,14,7,1,59,92.9%,1.0%,ÉLEVÉ 🔴,ratio_absence_connexion,Décrochage
167,Mht Rozzi,Babikir,21,M,info,3.8,5.4,11,6,3,43,92.9%,0.0%,ÉLEVÉ 🔴,ratio_absence_connexion,Décrochage
327,Idriss,Celestin,20,M,telecom,7.3,6.9,10,8,2,55,92.1%,1.0%,ÉLEVÉ 🔴,ratio_absence_connexion,Décrochage
199,Mbailaou,Yasmin,20,F,mtic,2.7,2.0,15,0,0,33,92.0%,0.0%,ÉLEVÉ 🔴,ratio_absence_connexion,Décrochage
454,Tahir,Chakir,22,M,info,4.2,3.8,13,8,4,36,91.9%,0.0%,ÉLEVÉ 🔴,ratio_absence_connexion,Décrochage
124,Mbailaou,Pierre,18,M,info,6.7,4.9,15,11,2,38,91.9%,0.0%,ÉLEVÉ 🔴,ratio_absence_connexion,Décrochage
339,Togombaye,Madeleine,23,F,info,2.8,5.0,19,10,0,49,91.9%,0.0%,ÉLEVÉ 🔴,ratio_absence_connexion,Décrochage
312,Bakhit,Théophile,24,M,mtic,3.5,2.0,10,9,1,26,91.7%,0.0%,ÉLEVÉ 🔴,score_risque,Décrochage
166,Abderahim,Abdelsalam,22,M,telecom,7.5,6.5,15,7,2,50,91.6%,1.1%,ÉLEVÉ 🔴,ratio_absence_connexion,Décrochage
426,Dillah,Prisca,22,F,mtic,7.3,8.0,13,6,4,46,91.5%,0.0%,ÉLEVÉ 🔴,ratio_absence_connexion,Décrochage
154,Hassan,Esther,23,F,telecom,3.2,4.1,14,2,0,41,91.3%,0.0%,ÉLEVÉ 🔴,ratio_absence_connexion,Décrochage
134,Bichara,Nadège,18,F,info,7.1,7.6,16,3,4,35,91.0%,0.0%,ÉLEVÉ 🔴,ratio_absence_connexion,Décrochage
195,Ngakoutou,Djimet,20,M,info,8.1,9.4,16,10,3,62,90.9%,1.0%,ÉLEVÉ 🔴,ratio_absence_connexion,Décrochage
14,Ahmat,Marc,23,M,mtic,7.9,9.6,13,12,3,56,90.9%,1.0%,ÉLEVÉ 🔴,ratio_absence_connexion,Décrochage
264,Hassaballah,Fatouma,23,F,mtic,8.5,8.8,13,5,4,51,90.9%,1.0%,ÉLEVÉ 🔴,ratio_absence_connexion,Décrochage
155,Laoukein,Celine,18,F,telecom,2.6,4.1,16,0,0,39,90.5%,0.0%,ÉLEVÉ 🔴,ratio_absence_connexion,Décrochage
111,Jean,Bachir,21,M,info,5.7,9.0,16,10,1,48,90.4%,0.0%,ÉLEVÉ 🔴,ratio_absence_connexion,Décrochage
374,Yacoub,Celine,22,F,info,5.3,8.5,16,12,1,64,90.0%,0.8%,ÉLEVÉ 🔴,ratio_absence_connexion,Décrochage
214,Ngakoutou,Yacoub,24,M,mtic,7.0,6.1,17,15,3,36,89.9%,0.0%,ÉLEVÉ 🔴,ratio_absence_connexion,Décrochage
472,Mallah,Amina,22,F,mtic,5.4,5.2,19,4,1,33,89.9%,0.0%,ÉLEVÉ 🔴,ratio_absence_connexion,Décrochage
13,Chakir,Zara,20,F,mtic,9.1,6.9,16,15,3,39,89.1%,0.0%,ÉLEVÉ 🔴,ratio_absence_connexion,Décrochage
9,N'djiaye,Veronique,21,F,info,3.1,2.7,19,4,1,37,89.1%,0.0%,ÉLEVÉ 🔴,ratio_absence_connexion,Décrochage
318,Camara,Mahmat,19,M,info,7.8,7.1,14,14,3,60,89.1%,0.2%,ÉLEVÉ 🔴,ratio_absence_connexion,Décrochage
328,Farid,Julie,20,F,info,4.0,5.8,12,4,3,48,89.0%,0.0%,ÉLEVÉ 🔴,ratio_absence_connexion,Décrochage
160,Nouradine,Pascaline,24,F,mtic,2.6,6.0,15,14,3,45,88.5%,0.0%,ÉLEVÉ 🔴,ratio_absence_connexion,Décrochage
213,Oumar,Nasser,24,M,info,4.5,2.0,16,0,0,24,88.5%,0.0%,ÉLEVÉ 🔴,ratio_absence_connexion,Décrochage
363,Guihini,Aristide,19,M,telecom,6.0,2.3,14,9,2,41,88.5%,0.0%,ÉLEVÉ 🔴,ratio_absence_connexion,Décrochage
324,Abakar,Djibrine,19,M,info,3.5,3.0,16,4,2,50,88.5%,0.0%,ÉLEVÉ 🔴,ratio_absence_connexion,Décrochage
237,Ngarmadji,Jean,18,M,telecom,6.0,6.6,15,4,3,39,88.5%,0.0%,ÉLEVÉ 🔴,ratio_absence_connexion,Décrochage
500,N'djiaye,Aristide,23,M,mtic,4.1,7.7,12,12,3,32,88.5%,0.0%,ÉLEVÉ 🔴,score_risque,Décrochage
75,Tahir,Sadia,20,F,telecom,7.9,2.0,14,3,0,25,88.5%,0.0%,ÉLEVÉ 🔴,ratio_absence_connexion,Décrochage
97,Hassaballah,Marie,18,F,info,4.6,5.6,16,0,0,40,88.5%,0.0%,ÉLEVÉ 🔴,ratio_absence_connexion,Décrochage
87,Mbodou,Symphorien,20,M,info,5.8,7.0,12,13,2,57,88.1%,1.0%,ÉLEVÉ 🔴,ratio_absence_connexion,Décrochage
415,Babikir,Safiya,20,F,info,5.2,2.0,18,0,0,33,87.5%,0.0%,ÉLEVÉ 🔴,ratio_absence_connexion,Décrochage
423,Aboulaye,Hassan,19,M,telecom,3.1,5.1,10,7,2,52,86.5%,1.1%,ÉLEVÉ 🔴,ratio_absence_connexion,Décrochage
62,Seid,Denise,18,F,telecom,6.7,2.0,15,0,0,50,86.1%,0.0%,ÉLEVÉ 🔴,ratio_absence_connexion,Décrochage
220,Gotran,Dalia,24,F,mtic,4.7,5.7,15,9,4,65,86.0%,1.0%,ÉLEVÉ 🔴,ratio_absence_connexion,Décrochage
379,Tidjani,Roukaya,18,F,info,8.3,8.5,11,15,3,46,86.0%,1.0%,ÉLEVÉ 🔴,score_risque,Décrochage
259,Adam,Marie,20,F,info,8.2,7.0,13,10,4,54,85.5%,0.0%,ÉLEVÉ 🔴,ratio_absence_connexion,Décrochage
233,Magloire,Abderahim,21,M,mtic,8.5,8.9,9,5,4,56,85.3%,1.0%,ÉLEVÉ 🔴,ratio_absence_connexion,Décrochage
219,Magloire,Jean,20,M,telecom,8.2,8.4,7,12,2,46,85.0%,1.0%,ÉLEVÉ 🔴,score_risque,Décrochage
256,Habib,Nadjia,21,F,info,5.1,8.6,13,11,4,50,84.8%,1.0%,ÉLEVÉ 🔴,ratio_absence_connexion,Décrochage
236,Brahim,Magloire,20,M,info,8.5,5.6,13,15,3,53,84.7%,1.0%,ÉLEVÉ 🔴,score_risque,Décrochage
394,Jean,Nadjia,22,F,info,10.1,7.9,12,16,1,57,84.4%,1.1%,ÉLEVÉ 🔴,score_risque,Décrochage
244,Hassan,Yacoub,18,M,info,6.6,6.2,10,14,2,64,84.2%,1.0%,ÉLEVÉ 🔴,score_risque,Décrochage
381,Abdeldjelil,Issa,18,M,telecom,9.2,10.8,12,15,3,63,84.2%,1.3%,ÉLEVÉ 🔴,ratio_absence_connexion,Décrochage
78,Mbaitigue,Halimé,20,F,info,5.4,10.6,18,9,1,40,83.2%,1.0%,ÉLEVÉ 🔴,ratio_absence_connexion,Décrochage
156,Aboulaye,Madeleine,20,F,telecom,7.8,6.8,15,12,5,50,83.0%,1.0%,ÉLEVÉ 🔴,ratio_absence_connexion,Décrochage
239,Ali,Lucie,23,F,info,6.7,5.1,9,15,4,37,82.9%,1.1%,ÉLEVÉ 🔴,score_risque,Décrochage
86,Abdelkerim,Haoua,22,F,telecom,5.1,9.5,13,9,3,71,82.8%,1.0%,ÉLEVÉ 🔴,ratio_absence_connexion,Décrochage
254,Hillo,Serge,20,M,mtic,8.8,3.2,12,16,1,52,82.8%,1.1%,ÉLEVÉ 🔴,score_risque,Décrochage
74,Abdelkerim,Valentin,18,M,telecom,7.2,5.2,13,4,2,57,82.8%,0.0%,ÉLEVÉ 🔴,ratio_absence_connexion,Décrochage
29,Mbaitigue,Rahel,18,F,info,7.0,8.1,11,3,3,58,81.9%,1.1%,ÉLEVÉ 🔴,ratio_absence_connexion,Décrochage
357,Magloire,Fatouma,23,F,info,6.3,3.2,14,13,0,47,81.8%,1.1%,ÉLEVÉ 🔴,ratio_absence_connexion,Décrochage
36,Djimet,Evariste,18,M,info,8.3,8.1,14,3,4,46,81.4%,0.0%,ÉLEVÉ 🔴,ratio_absence_connexion,Décrochage
135,Brahim,Aristide,18,M,info,6.0,7.8,10,7,1,43,81.3%,1.1%,ÉLEVÉ 🔴,ratio_absence_connexion,Décrochage
383,George,Esther,20,F,mtic,7.1,7.1,9,13,2,67,81.3%,1.1%,ÉLEVÉ 🔴,score_risque,Décrochage
425,Brahim,Odette,19,F,telecom,6.1,6.1,11,8,5,52,81.3%,0.0%,ÉLEVÉ 🔴,ratio_absence_connexion,Inscrit
447,Dillah,Khadidja,22,F,telecom,8.9,5.2,18,6,2,39,80.8%,0.0%,ÉLEVÉ 🔴,ratio_absence_connexion,Décrochage
39,Zakaria,Issa,22,M,mtic,6.1,9.9,8,7,4,28,80.4%,1.1%,ÉLEVÉ 🔴,ratio_absence_connexion,Décrochage
388,Mallah,Sandrine,23,F,mtic,8.7,9.8,11,4,4,60,80.3%,1.1%,ÉLEVÉ 🔴,ratio_absence_connexion,Inscrit
489,Abakar Ali,Edith,23,F,telecom,7.5,9.6,14,15,4,34,80.3%,1.1%,ÉLEVÉ 🔴,score_risque,Décrochage
164,Hamid,Zeinab,24,F,telecom,5.4,9.8,12,15,3,42,80.1%,1.1%,ÉLEVÉ 🔴,score_risque,Décrochage
53,Christian,Faozzia,24,F,mtic,5.9,5.5,15,6,6,59,80.0%,1.1%,ÉLEVÉ 🔴,ratio_absence_connexion,Décrochage
151,Kodji,Appolinaire,19,M,telecom,4.8,9.1,9,9,4,68,79.8%,1.0%,ÉLEVÉ 🔴,ratio_absence_connexion,Décrochage
498,Kerallah,Abdelkerim,21,M,telecom,2.5,4.4,18,13,3,55,79.5%,0.0%,ÉLEVÉ 🔴,ratio_absence_connexion,Décrochage
293,Khidir,Christine,20,F,telecom,5.3,6.2,14,18,1,41,79.3%,0.8%,ÉLEVÉ 🔴,score_risque,Décrochage
253,Mbodou,Serge,24,M,mtic,10.0,7.1,16,13,2,39,79.0%,1.1%,ÉLEVÉ 🔴,ratio_absence_connexion,Décrochage
496,Issa,Zakaria,24,M,info,9.6,6.9,7,16,1,53,78.9%,1.0%,ÉLEVÉ 🔴,score_risque,Décrochage
52,Moussa,Ali,19,M,info,10.3,6.2,14,7,4,43,78.9%,1.1%,ÉLEVÉ 🔴,ratio_absence_connexion,Décrochage
70,Fatahaldjelil,Amne,19,F,telecom,8.4,9.5,12,22,2,52,77.1%,1.1%,ÉLEVÉ 🔴,score_risque,Décrochage
67,Seid,Hillo,20,M,mtic,5.3,8.3,11,14,3,50,76.9%,1.1%,ÉLEVÉ 🔴,score_risque,Décrochage
68,Hassaballah,Zara,20,F,info,8.6,9.9,9,15,4,52,76.9%,1.1%,ÉLEVÉ 🔴,score_risque,Décrochage
109,Oumar,Bintou,18,F,telecom,10.3,8.0,17,15,5,42,76.8%,1.1%,ÉLEVÉ 🔴,ratio_absence_connexion,Décrochage
369,Saad,Djibrine,23,M,mtic,8.0,7.1,15,18,3,51,76.4%,1.1%,ÉLEVÉ 🔴,score_risque,Décrochage
322,Mallah,Mariam,18,F,telecom,10.0,6.2,12,13,2,47,76.0%,1.1%,ÉLEVÉ 🔴,ratio_absence_connexion,Décrochage
424,Abderahim,Hillo,23,M,info,8.1,10.7,13,12,2,63,75.9%,1.1%,ÉLEVÉ 🔴,ratio_absence_connexion,Inscrit
3,Mbaitolum,Chakir,24,M,info,6.0,3.1,13,7,2,48,75.5%,0.0%,ÉLEVÉ 🔴,ratio_absence_connexion,Décrochage
368,Abakar Ali,Franck,22,M,telecom,8.7,8.1,11,13,3,65,75.4%,1.3%,ÉLEVÉ 🔴,ratio_absence_connexion,Décrochage
430,Ahmat,Symphorien,24,M,mtic,9.9,2.6,11,12,3,47,75.3%,1.1%,ÉLEVÉ 🔴,score_risque,Décrochage
473,Youssouf,Bernadette,18,F,telecom,8.9,11.3,9,14,5,50,75.1%,8.8%,ÉLEVÉ 🔴,score_risque,Décrochage
83,Mht Goni,Halimé,24,F,info,5.4,9.7,10,15,1,70,75.0%,3.8%,ÉLEVÉ 🔴,score_risque,Inscrit
161,Dillah,Luc,21,M,mtic,6.9,2.3,15,7,2,51,73.8%,0.0%,ÉLEVÉ 🔴,ratio_absence_connexion,Décrochage
11,Saad,Celine,23,F,mtic,9.1,3.2,15,8,3,45,73.8%,0.0%,ÉLEVÉ 🔴,ratio_absence_connexion,Décrochage
129,Ngakoutou,Saleh,19,M,mtic,8.6,8.6,14,17,3,49,73.4%,1.0%,ÉLEVÉ 🔴,score_risque,Décrochage
221,Mht Rozzi,Bintou,22,F,mtic,6.1,7.9,8,15,2,47,73.2%,1.0%,ÉLEVÉ 🔴,score_risque,Décrochage
296,Idriss,Farid,19,M,info,5.2,2.9,15,8,1,51,73.2%,0.0%,ÉLEVÉ 🔴,ratio_absence_connexion,Inscrit
460,Koumakoy,Paul,20,M,mtic,9.1,9.8,6,17,3,49,73.0%,6.1%,ÉLEVÉ 🔴,score_risque,Décrochage
366,Nadege,Abdelkerim,20,M,info,10.0,11.0,15,14,2,50,72.9%,1.1%,ÉLEVÉ 🔴,ratio_absence_connexion,Décrochage
427,Kebir,Julie,20,F,info,6.8,8.0,14,17,4,57,72.4%,0.9%,ÉLEVÉ 🔴,score_risque,Décrochage
179,Saleh,Monique,18,F,info,6.9,5.8,15,16,6,51,71.6%,1.0%,ÉLEVÉ 🔴,ratio_absence_connexion,Décrochage
267,Ngaradoum,Khalid,23,M,telecom,7.1,6.7,16,15,4,58,71.3%,1.1%,ÉLEVÉ 🔴,ratio_absence_connexion,Inscrit
433,Oumar,Haroun,20,M,telecom,10.7,9.4,13,11,2,62,71.0%,7.1%,ÉLEVÉ 🔴,ratio_absence_connexion,Décrochage
121,Issa Bechir,Halimé,23,F,info,5.6,12.2,10,13,3,47,70.0%,3.9%,ÉLEVÉ 🔴,score_risque,Décrochage
452,Ndolenodji,Fatahaldjelil,19,M,info,10.4,2.7,12,9,3,50,68.5%,1.0%,ÉLEVÉ 🔴,ratio_absence_connexion,Décrochage
6,Hillo,Haoua,18,F,mtic,5.1,7.0,13,2,2,38,68.1%,0.0%,ÉLEVÉ 🔴,ratio_absence_connexion,Inscrit
298,Laoukein,Suleiman,22,M,mtic,3.8,5.7,12,19,2,43,67.9%,0.9%,ÉLEVÉ 🔴,score_risque,Décrochage
132,Togombaye,Seid,19,M,mtic,7.3,7.7,8,23,4,60,67.6%,3.0%,ÉLEVÉ 🔴,score_risque,Décrochage
197,George,Youssouf,22,M,telecom,6.2,10.3,16,15,2,53,67.0%,1.0%,ÉLEVÉ 🔴,ratio_absence_connexion,Décrochage
206,Magloire,Sandrine,21,F,mtic,9.1,9.4,9,22,3,58,67.0%,1.1%,ÉLEVÉ 🔴,score_risque,Décrochage
435,Christian,Donatien,20,M,info,10.0,6.1,10,13,5,65,65.7%,1.1%,ÉLEVÉ 🔴,ratio_absence_connexion,Décrochage
222,Bakhit,Narcisse,18,M,mtic,10.7,5.7,13,24,2,20,65.6%,1.2%,ÉLEVÉ 🔴,score_risque,Décrochage
